{
    "lovedtracks": {
        "track": [
            {
                "artist": {
                    "url": "https://www.last.fm/music/The+Black+Seeds",
                    "name": "The Black Seeds",
                    "mbid": "dc76f538-7a10-461e-84ba-aa44888f9f2d"
                },
                "date": {
                    "uts": "1459767227",
                    "#text": "04 Apr 2016, 10:53"
                },
                "mbid": "11f098dd-0f6b-32bc-8e68-de7f2facbb62",
                "url": "https://www.last.fm/music/The+Black+Seeds/_/Fire",
                "name": "Fire",
                "image": [
                    {
                        "size": "small",
                        "#text": "https://lastfm.freetls.fastly.net/i/u/34s/2a96cbd8b46e442fc41c2b86b821562f.png"
                    },
                    {
                        "size": "medium",
                        "#text": "https://lastfm.freetls.fastly.net/i/u/64s/2a96cbd8b46e442fc41c2b86b821562f.png"
                    },
                    {
                        "size": "large",
                        "#text": "https://lastfm.freetls.fastly.net/i/u/174s/2a96cbd8b46e442fc41c2b86b821562f.png"
                    },
                    {
                        "size": "extralarge",
                        "#text": "https://lastfm.freetls.fastly.net/i/u/300x300/2a96cbd8b46e442fc41c2b86b821562f.png"
                    }
                ],
                "streamable": {
                    "fulltrack": "0",
                    "#text": "0"
                }
            },
            {
                "artist": {
                    "url": "https://www.last.fm/music/Gramatik",
                    "name": "Gramatik",
                    "mbid": "9b62a8a3-fcd5-4b51-a970-0f08a440ed6d"
                },
                "date": {
                    "uts": "1457357120",
                    "#text": "07 Mar 2016, 13:25"
                },
                "mbid": "509c51d0-f3ef-4701-b1c5-f7c904917ed5",
                "url": "https://www.last.fm/music/Gramatik/_/Just+Jammin%27",
                "name": "Just Jammin'",
                "image": [
                    {
                        "size": "small",
                        "#text": "https://lastfm.freetls.fastly.net/i/u/34s/2a96cbd8b46e442fc41c2b86b821562f.png"
                    },
                    {
                        "size": "medium",
                        "#text": "https://lastfm.freetls.fastly.net/i/u/64s/2a96cbd8b46e442fc41c2b86b821562f.png"
                    },
                    {
                        "size": "large",
                        "#text": "https://lastfm.freetls.fastly.net/i/u/174s/2a96cbd8b46e442fc41c2b86b821562f.png"
                    },
                    {
                        "size": "extralarge",
                        "#text": "https://lastfm.freetls.fastly.net/i/u/300x300/2a96cbd8b46e442fc41c2b86b821562f.png"
                    }
                ],
                "streamable": {
                    "fulltrack": "0",
                    "#text": "0"
                }
            },
            {
                "artist": {
                    "url": "https://www.last.fm/music/Tahuna+Breaks",
                    "name": "Tahuna Breaks",
                    "mbid": "a9754572-2c0c-421f-8640-2ab094c867ee"
                },
                "date": {
                    "uts": "1443718648",
                    "#text": "01 Oct 2015, 16:57"
                },
                "mbid": "969bbc05-fc94-3c9b-bc13-7eaa3b96774a",
                "url": "https://www.last.fm/music/Tahuna+Breaks/_/Giddy+Up",
                "name": "Giddy Up",
                "image": [
                    {
                        "size": "small",
                        "#text": "https://lastfm.freetls.fastly.net/i/u/34s/2a96cbd8b46e442fc41c2b86b821562f.png"
                    },
                    {
                        "size": "medium",
                        "#text": "https://lastfm.freetls.fastly.net/i/u/64s/2a96cbd8b46e442fc41c2b86b821562f.png"
                    },
                    {
                        "size": "large",
                        "#text": "https://lastfm.freetls.fastly.net/i/u/174s/2a96cbd8b46e442fc41c2b86b821562f.png"
                    },
                    {
                        "size": "extralarge",
                        "#text": "https://lastfm.freetls.fastly.net/i/u/300x300/2a96cbd8b46e442fc41c2b86b821562f.png"
                    }
                ],
                "streamable": {
                    "fulltrack": "0",
                    "#text": "0"
                }
            },
            {
                "artist": {
                    "url": "https://www.last.fm/music/Fat+Freddy%27s+Drop",
                    "name": "Fat Freddy's Drop",
                    "mbid": "d451395a-f768-432e-bb70-d38c32baf4cb"
                },
                "date": {
                    "uts": "1441635789",
                    "#text": "07 Sep 2015, 14:23"
                },
                "mbid": "1fe1bb90-fb99-313e-abea-0994467e4e42",
                "url": "https://www.last.fm/music/Fat+Freddy%27s+Drop/_/The+Nod",
                "name": "The Nod",
                "image": [
                    {
                        "size": "small",
                        "#text": "https://lastfm.freetls.fastly.net/i/u/34s/2a96cbd8b46e442fc41c2b86b821562f.png"
                    },
                    {
                        "size": "medium",
                        "#text": "https://lastfm.freetls.fastly.net/i/u/64s/2a96cbd8b46e442fc41c2b86b821562f.png"
                    },
                    {
                        "size": "large",
                        "#text": "https://lastfm.freetls.fastly.net/i/u/174s/2a96cbd8b46e442fc41c2b86b821562f.png"
                    },
                    {
                        "size": "extralarge",
                        "#text": "https://lastfm.freetls.fastly.net/i/u/300x300/2a96cbd8b46e442fc41c2b86b821562f.png"
                    }
                ],
                "streamable": {
                    "fulltrack": "0",
                    "#text": "0"
                }
            },
            {
                "artist": {
                    "url": "https://www.last.fm/music/Gil+Scott-Heron",
                    "name": "Gil Scott-Heron",
                    "mbid": "b5b89643-c488-4f39-a302-25cab31084a5"
                },
                "date": {
                    "uts": "1441634911",
                    "#text": "07 Sep 2015, 14:08"
                },
                "mbid": "",
                "url": "https://www.last.fm/music/Gil+Scott-Heron/_/Lady+Day+and+John+Coltrane",
                "name": "Lady Day and John Coltrane",
                "image": [
                    {
                        "size": "small",
                        "#text": "https://lastfm.freetls.fastly.net/i/u/34s/2a96cbd8b46e442fc41c2b86b821562f.png"
                    },
                    {
                        "size": "medium",
                        "#text": "https://lastfm.freetls.fastly.net/i/u/64s/2a96cbd8b46e442fc41c2b86b821562f.png"
                    },
                    {
                        "size": "large",
                        "#text": "https://lastfm.freetls.fastly.net/i/u/174s/2a96cbd8b46e442fc41c2b86b821562f.png"
                    },
                    {
                        "size": "extralarge",
                        "#text": "https://lastfm.freetls.fastly.net/i/u/300x300/2a96cbd8b46e442fc41c2b86b821562f.png"
                    }
                ],
                "streamable": {
                    "fulltrack": "0",
                    "#text": "0"
                }
            },
            {
                "artist": {
                    "url": "https://www.last.fm/music/Aim",
                    "name": "Aim",
                    "mbid": ""
                },
                "date": {
                    "uts": "1441632958",
                    "#text": "07 Sep 2015, 13:35"
                },
                "mbid": "3550329a-7aba-44fc-9456-5cd3bcb953ff",
                "url": "https://www.last.fm/music/Aim/_/Ain%27t+Got+Time+To+Waste",
                "name": "Ain't Got Time To Waste",
                "image": [
                    {
                        "size": "small",
                        "#text": "https://lastfm.freetls.fastly.net/i/u/34s/2a96cbd8b46e442fc41c2b86b821562f.png"
                    },
                    {
                        "size": "medium",
                        "#text": "https://lastfm.freetls.fastly.net/i/u/64s/2a96cbd8b46e442fc41c2b86b821562f.png"
                    },
                    {
                        "size": "large",
                        "#text": "https://lastfm.freetls.fastly.net/i/u/174s/2a96cbd8b46e442fc41c2b86b821562f.png"
                    },
                    {
                        "size": "extralarge",
                        "#text": "https://lastfm.freetls.fastly.net/i/u/300x300/2a96cbd8b46e442fc41c2b86b821562f.png"
                    }
                ],
                "streamable": {
                    "fulltrack": "0",
                    "#text": "0"
                }
            },
            {
                "artist": {
                    "url": "https://www.last.fm/music/Roman+Scott",
                    "name": "Roman Scott",
                    "mbid": ""
                },
                "date": {
                    "uts": "1438428646",
                    "#text": "01 Aug 2015, 11:30"
                },
                "mbid": "",
                "url": "https://www.last.fm/music/Roman+Scott/_/Hold+This+Down+(feat.+Dean+Curtis)",
                "name": "Hold This Down (feat. Dean Curtis)",
                "image": [
                    {
                        "size": "small",
                        "#text": "https://lastfm.freetls.fastly.net/i/u/34s/2a96cbd8b46e442fc41c2b86b821562f.png"
                    },
                    {
                        "size": "medium",
                        "#text": "https://lastfm.freetls.fastly.net/i/u/64s/2a96cbd8b46e442fc41c2b86b821562f.png"
                    },
                    {
                        "size": "large",
                        "#text": "https://lastfm.freetls.fastly.net/i/u/174s/2a96cbd8b46e442fc41c2b86b821562f.png"
                    },
                    {
                        "size": "extralarge",
                        "#text": "https://lastfm.freetls.fastly.net/i/u/300x300/2a96cbd8b46e442fc41c2b86b821562f.png"
                    }
                ],
                "streamable": {
                    "fulltrack": "0",
                    "#text": "0"
                }
            },
            {
                "artist": {
                    "url": "https://www.last.fm/music/Robyn",
                    "name": "Robyn",
                    "mbid": "5a8e07d5-d932-4484-a7f7-e700793a9c94"
                },
                "date": {
                    "uts": "1438338847",
                    "#text": "31 Jul 2015, 10:34"
                },
                "mbid": "",
                "url": "https://www.last.fm/music/Robyn/_/Dancing+on+My+Own",
                "name": "Dancing on My Own",
                "image": [
                    {
                        "size": "small",
                        "#text": "https://lastfm.freetls.fastly.net/i/u/34s/2a96cbd8b46e442fc41c2b86b821562f.png"
                    },
                    {
                        "size": "medium",
                        "#text": "https://lastfm.freetls.fastly.net/i/u/64s/2a96cbd8b46e442fc41c2b86b821562f.png"
                    },
                    {
                        "size": "large",
                        "#text": "https://lastfm.freetls.fastly.net/i/u/174s/2a96cbd8b46e442fc41c2b86b821562f.png"
                    },
                    {
                        "size": "extralarge",
                        "#text": "https://lastfm.freetls.fastly.net/i/u/300x300/2a96cbd8b46e442fc41c2b86b821562f.png"
                    }
                ],
                "streamable": {
                    "fulltrack": "0",
                    "#text": "0"
                }
            },
            {
                "artist": {
                    "url": "https://www.last.fm/music/Steely+Dan",
                    "name": "Steely Dan",
                    "mbid": "e01c3376-15fa-40d7-b747-5f219bdefdd7"
                },
                "date": {
                    "uts": "1431384798",
                    "#text": "11 May 2015, 22:53"
                },
                "mbid": "ee7d863d-e42b-4190-8aba-3d14df87dd64",
                "url": "https://www.last.fm/music/Steely+Dan/_/The+Boston+Rag",
                "name": "The Boston Rag",
                "image": [
                    {
                        "size": "small",
                        "#text": "https://lastfm.freetls.fastly.net/i/u/34s/2a96cbd8b46e442fc41c2b86b821562f.png"
                    },
                    {
                        "size": "medium",
                        "#text": "https://lastfm.freetls.fastly.net/i/u/64s/2a96cbd8b46e442fc41c2b86b821562f.png"
                    },
                    {
                        "size": "large",
                        "#text": "https://lastfm.freetls.fastly.net/i/u/174s/2a96cbd8b46e442fc41c2b86b821562f.png"
                    },
                    {
                        "size": "extralarge",
                        "#text": "https://lastfm.freetls.fastly.net/i/u/300x300/2a96cbd8b46e442fc41c2b86b821562f.png"
                    }
                ],
                "streamable": {
                    "fulltrack": "0",
                    "#text": "0"
                }
            },
            {
                "artist": {
                    "url": "https://www.last.fm/music/Candye+Kane",
                    "name": "Candye Kane",
                    "mbid": "2910d857-d7fe-4132-8555-d2aef1b2a4fc"
                },
                "date": {
                    "uts": "1431384115",
                    "#text": "11 May 2015, 22:41"
                },
                "mbid": "03942626-17c3-4701-ab79-3c5e16317e73",
                "url": "https://www.last.fm/music/Candye+Kane/_/You+Need+Love",
                "name": "You Need Love",
                "image": [
                    {
                        "size": "small",
                        "#text": "https://lastfm.freetls.fastly.net/i/u/34s/2a96cbd8b46e442fc41c2b86b821562f.png"
                    },
                    {
                        "size": "medium",
                        "#text": "https://lastfm.freetls.fastly.net/i/u/64s/2a96cbd8b46e442fc41c2b86b821562f.png"
                    },
                    {
                        "size": "large",
                        "#text": "https://lastfm.freetls.fastly.net/i/u/174s/2a96cbd8b46e442fc41c2b86b821562f.png"
                    },
                    {
                        "size": "extralarge",
                        "#text": "https://lastfm.freetls.fastly.net/i/u/300x300/2a96cbd8b46e442fc41c2b86b821562f.png"
                    }
                ],
                "streamable": {
                    "fulltrack": "0",
                    "#text": "0"
                }
            },
            {
                "artist": {
                    "url": "https://www.last.fm/music/Gramatik",
                    "name": "Gramatik",
                    "mbid": "9b62a8a3-fcd5-4b51-a970-0f08a440ed6d"
                },
                "date": {
                    "uts": "1429885760",
                    "#text": "24 Apr 2015, 14:29"
                },
                "mbid": "1188a0df-1ac6-4e68-88b9-fe979c727d75",
                "url": "https://www.last.fm/music/Gramatik/_/Don%27t+You+Know",
                "name": "Don't You Know",
                "image": [
                    {
                        "size": "small",
                        "#text": "https://lastfm.freetls.fastly.net/i/u/34s/2a96cbd8b46e442fc41c2b86b821562f.png"
                    },
                    {
                        "size": "medium",
                        "#text": "https://lastfm.freetls.fastly.net/i/u/64s/2a96cbd8b46e442fc41c2b86b821562f.png"
                    },
                    {
                        "size": "large",
                        "#text": "https://lastfm.freetls.fastly.net/i/u/174s/2a96cbd8b46e442fc41c2b86b821562f.png"
                    },
                    {
                        "size": "extralarge",
                        "#text": "https://lastfm.freetls.fastly.net/i/u/300x300/2a96cbd8b46e442fc41c2b86b821562f.png"
                    }
                ],
                "streamable": {
                    "fulltrack": "0",
                    "#text": "0"
                }
            },
            {
                "artist": {
                    "url": "https://www.last.fm/music/Gregory+Porter",
                    "name": "Gregory Porter",
                    "mbid": "7ac1e33f-0cdf-4e81-b914-41830700d746"
                },
                "date": {
                    "uts": "1429113655",
                    "#text": "15 Apr 2015, 16:00"
                },
                "mbid": "",
                "url": "https://www.last.fm/music/Gregory+Porter/_/Hey+Laura",
                "name": "Hey Laura",
                "image": [
                    {
                        "size": "small",
                        "#text": "https://lastfm.freetls.fastly.net/i/u/34s/2a96cbd8b46e442fc41c2b86b821562f.png"
                    },
                    {
                        "size": "medium",
                        "#text": "https://lastfm.freetls.fastly.net/i/u/64s/2a96cbd8b46e442fc41c2b86b821562f.png"
                    },
                    {
                        "size": "large",
                        "#text": "https://lastfm.freetls.fastly.net/i/u/174s/2a96cbd8b46e442fc41c2b86b821562f.png"
                    },
                    {
                        "size": "extralarge",
                        "#text": "https://lastfm.freetls.fastly.net/i/u/300x300/2a96cbd8b46e442fc41c2b86b821562f.png"
                    }
                ],
                "streamable": {
                    "fulltrack": "0",
                    "#text": "0"
                }
            },
            {
                "artist": {
                    "url": "https://www.last.fm/music/Cruzados",
                    "name": "Cruzados",
                    "mbid": "b73d248d-c65c-459e-a16a-b11ce2026e21"
                },
                "date": {
                    "uts": "1425743665",
                    "#text": "07 Mar 2015, 15:54"
                },
                "mbid": "",
                "url": "https://www.last.fm/music/Cruzados/_/Mexico",
                "name": "Mexico",
                "image": [
                    {
                        "size": "small",
                        "#text": "https://lastfm.freetls.fastly.net/i/u/34s/2a96cbd8b46e442fc41c2b86b821562f.png"
                    },
                    {
                        "size": "medium",
                        "#text": "https://lastfm.freetls.fastly.net/i/u/64s/2a96cbd8b46e442fc41c2b86b821562f.png"
                    },
                    {
                        "size": "large",
                        "#text": "https://lastfm.freetls.fastly.net/i/u/174s/2a96cbd8b46e442fc41c2b86b821562f.png"
                    },
                    {
                        "size": "extralarge",
                        "#text": "https://lastfm.freetls.fastly.net/i/u/300x300/2a96cbd8b46e442fc41c2b86b821562f.png"
                    }
                ],
                "streamable": {
                    "fulltrack": "0",
                    "#text": "0"
                }
            },
            {
                "artist": {
                    "url": "https://www.last.fm/music/Tito+&+Tarantula",
                    "name": "Tito & Tarantula",
                    "mbid": "18662acd-0f22-4608-b3eb-60f12b0766c4"
                },
                "date": {
                    "uts": "1425738160",
                    "#text": "07 Mar 2015, 14:22"
                },
                "mbid": "0f7a6d0c-bbed-3555-ab73-3f42a1a8c38e",
                "url": "https://www.last.fm/music/Tito+&+Tarantula/_/Pretty+Wasted",
                "name": "Pretty Wasted",
                "image": [
                    {
                        "size": "small",
                        "#text": "https://lastfm.freetls.fastly.net/i/u/34s/2a96cbd8b46e442fc41c2b86b821562f.png"
                    },
                    {
                        "size": "medium",
                        "#text": "https://lastfm.freetls.fastly.net/i/u/64s/2a96cbd8b46e442fc41c2b86b821562f.png"
                    },
                    {
                        "size": "large",
                        "#text": "https://lastfm.freetls.fastly.net/i/u/174s/2a96cbd8b46e442fc41c2b86b821562f.png"
                    },
                    {
                        "size": "extralarge",
                        "#text": "https://lastfm.freetls.fastly.net/i/u/300x300/2a96cbd8b46e442fc41c2b86b821562f.png"
                    }
                ],
                "streamable": {
                    "fulltrack": "0",
                    "#text": "0"
                }
            },
            {
                "artist": {
                    "url": "https://www.last.fm/music/Harold+Faltermeyer",
                    "name": "Harold Faltermeyer",
                    "mbid": "3bd08e76-bf53-4b16-82ee-63f95ca5cdae"
                },
                "date": {
                    "uts": "1421345797",
                    "#text": "15 Jan 2015, 18:16"
                },
                "mbid": "644c32fd-206c-3743-8a1e-0c6ac6eec18f",
                "url": "https://www.last.fm/music/Harold+Faltermeyer/_/Axel+F",
                "name": "Axel F",
                "image": [
                    {
                        "size": "small",
                        "#text": "https://lastfm.freetls.fastly.net/i/u/34s/2a96cbd8b46e442fc41c2b86b821562f.png"
                    },
                    {
                        "size": "medium",
                        "#text": "https://lastfm.freetls.fastly.net/i/u/64s/2a96cbd8b46e442fc41c2b86b821562f.png"
                    },
                    {
                        "size": "large",
                        "#text": "https://lastfm.freetls.fastly.net/i/u/174s/2a96cbd8b46e442fc41c2b86b821562f.png"
                    },
                    {
                        "size": "extralarge",
                        "#text": "https://lastfm.freetls.fastly.net/i/u/300x300/2a96cbd8b46e442fc41c2b86b821562f.png"
                    }
                ],
                "streamable": {
                    "fulltrack": "0",
                    "#text": "0"
                }
            },
            {
                "artist": {
                    "url": "https://www.last.fm/music/Jonathan+Coulton",
                    "name": "Jonathan Coulton",
                    "mbid": "d8df7087-06d5-4545-9024-831bb8558ad1"
                },
                "date": {
                    "uts": "1413064820",
                    "#text": "11 Oct 2014, 22:00"
                },
                "mbid": "03f224ff-7a51-3ea9-969e-cb630e68c9e2",
                "url": "https://www.last.fm/music/Jonathan+Coulton/_/The+Future+Soon",
                "name": "The Future Soon",
                "image": [
                    {
                        "size": "small",
                        "#text": "https://lastfm.freetls.fastly.net/i/u/34s/2a96cbd8b46e442fc41c2b86b821562f.png"
                    },
                    {
                        "size": "medium",
                        "#text": "https://lastfm.freetls.fastly.net/i/u/64s/2a96cbd8b46e442fc41c2b86b821562f.png"
                    },
                    {
                        "size": "large",
                        "#text": "https://lastfm.freetls.fastly.net/i/u/174s/2a96cbd8b46e442fc41c2b86b821562f.png"
                    },
                    {
                        "size": "extralarge",
                        "#text": "https://lastfm.freetls.fastly.net/i/u/300x300/2a96cbd8b46e442fc41c2b86b821562f.png"
                    }
                ],
                "streamable": {
                    "fulltrack": "0",
                    "#text": "0"
                }
            },
            {
                "artist": {
                    "url": "https://www.last.fm/music/The+Lonely+Island",
                    "name": "The Lonely Island",
                    "mbid": "028e1863-cab4-4a3d-9dd9-91c682c91005"
                },
                "date": {
                    "uts": "1413064693",
                    "#text": "11 Oct 2014, 21:58"
                },
                "mbid": "",
                "url": "https://www.last.fm/music/The+Lonely+Island/_/Jack+Sparrow",
                "name": "Jack Sparrow",
                "image": [
                    {
                        "size": "small",
                        "#text": "https://lastfm.freetls.fastly.net/i/u/34s/2a96cbd8b46e442fc41c2b86b821562f.png"
                    },
                    {
                        "size": "medium",
                        "#text": "https://lastfm.freetls.fastly.net/i/u/64s/2a96cbd8b46e442fc41c2b86b821562f.png"
                    },
                    {
                        "size": "large",
                        "#text": "https://lastfm.freetls.fastly.net/i/u/174s/2a96cbd8b46e442fc41c2b86b821562f.png"
                    },
                    {
                        "size": "extralarge",
                        "#text": "https://lastfm.freetls.fastly.net/i/u/300x300/2a96cbd8b46e442fc41c2b86b821562f.png"
                    }
                ],
                "streamable": {
                    "fulltrack": "0",
                    "#text": "0"
                }
            },
            {
                "artist": {
                    "url": "https://www.last.fm/music/The+Lonely+Island",
                    "name": "The Lonely Island",
                    "mbid": "028e1863-cab4-4a3d-9dd9-91c682c91005"
                },
                "date": {
                    "uts": "1413064690",
                    "#text": "11 Oct 2014, 21:58"
                },
                "mbid": "2f7f4443-0ace-4fe8-b611-a1a456da598c",
                "url": "https://www.last.fm/music/The+Lonely+Island/_/I%27m+On+A+Boat",
                "name": "I'm On A Boat",
                "image": [
                    {
                        "size": "small",
                        "#text": "https://lastfm.freetls.fastly.net/i/u/34s/2a96cbd8b46e442fc41c2b86b821562f.png"
                    },
                    {
                        "size": "medium",
                        "#text": "https://lastfm.freetls.fastly.net/i/u/64s/2a96cbd8b46e442fc41c2b86b821562f.png"
                    },
                    {
                        "size": "large",
                        "#text": "https://lastfm.freetls.fastly.net/i/u/174s/2a96cbd8b46e442fc41c2b86b821562f.png"
                    },
                    {
                        "size": "extralarge",
                        "#text": "https://lastfm.freetls.fastly.net/i/u/300x300/2a96cbd8b46e442fc41c2b86b821562f.png"
                    }
                ],
                "streamable": {
                    "fulltrack": "0",
                    "#text": "0"
                }
            },
            {
                "artist": {
                    "url": "https://www.last.fm/music/The+Lonely+Island",
                    "name": "The Lonely Island",
                    "mbid": "028e1863-cab4-4a3d-9dd9-91c682c91005"
                },
                "date": {
                    "uts": "1413064686",
                    "#text": "11 Oct 2014, 21:58"
                },
                "mbid": "a8072b51-4ac5-4433-a780-98fe57ffcb88",
                "url": "https://www.last.fm/music/The+Lonely+Island/_/Dick+In+A+Box",
                "name": "Dick In A Box",
                "image": [
                    {
                        "size": "small",
                        "#text": "https://lastfm.freetls.fastly.net/i/u/34s/2a96cbd8b46e442fc41c2b86b821562f.png"
                    },
                    {
                        "size": "medium",
                        "#text": "https://lastfm.freetls.fastly.net/i/u/64s/2a96cbd8b46e442fc41c2b86b821562f.png"
                    },
                    {
                        "size": "large",
                        "#text": "https://lastfm.freetls.fastly.net/i/u/174s/2a96cbd8b46e442fc41c2b86b821562f.png"
                    },
                    {
                        "size": "extralarge",
                        "#text": "https://lastfm.freetls.fastly.net/i/u/300x300/2a96cbd8b46e442fc41c2b86b821562f.png"
                    }
                ],
                "streamable": {
                    "fulltrack": "0",
                    "#text": "0"
                }
            },
            {
                "artist": {
                    "url": "https://www.last.fm/music/Professor+Green",
                    "name": "Professor Green",
                    "mbid": "7684f1ee-2154-475f-b05d-608c91a0e3e9"
                },
                "date": {
                    "uts": "1413064683",
                    "#text": "11 Oct 2014, 21:58"
                },
                "mbid": "",
                "url": "https://www.last.fm/music/Professor+Green/_/Jungle+-+Feat.+Maverick+Sabre",
                "name": "Jungle - Feat. Maverick Sabre",
                "image": [
                    {
                        "size": "small",
                        "#text": "https://lastfm.freetls.fastly.net/i/u/34s/2a96cbd8b46e442fc41c2b86b821562f.png"
                    },
                    {
                        "size": "medium",
                        "#text": "https://lastfm.freetls.fastly.net/i/u/64s/2a96cbd8b46e442fc41c2b86b821562f.png"
                    },
                    {
                        "size": "large",
                        "#text": "https://lastfm.freetls.fastly.net/i/u/174s/2a96cbd8b46e442fc41c2b86b821562f.png"
                    },
                    {
                        "size": "extralarge",
                        "#text": "https://lastfm.freetls.fastly.net/i/u/300x300/2a96cbd8b46e442fc41c2b86b821562f.png"
                    }
                ],
                "streamable": {
                    "fulltrack": "0",
                    "#text": "0"
                }
            },
            {
                "artist": {
                    "url": "https://www.last.fm/music/Jonathan+Coulton",
                    "name": "Jonathan Coulton",
                    "mbid": "d8df7087-06d5-4545-9024-831bb8558ad1"
                },
                "date": {
                    "uts": "1413064675",
                    "#text": "11 Oct 2014, 21:57"
                },
                "mbid": "1975f14c-4c16-3fda-b1f6-2f1895711329",
                "url": "https://www.last.fm/music/Jonathan+Coulton/_/Baby+Got+Back",
                "name": "Baby Got Back",
                "image": [
                    {
                        "size": "small",
                        "#text": "https://lastfm.freetls.fastly.net/i/u/34s/2a96cbd8b46e442fc41c2b86b821562f.png"
                    },
                    {
                        "size": "medium",
                        "#text": "https://lastfm.freetls.fastly.net/i/u/64s/2a96cbd8b46e442fc41c2b86b821562f.png"
                    },
                    {
                        "size": "large",
                        "#text": "https://lastfm.freetls.fastly.net/i/u/174s/2a96cbd8b46e442fc41c2b86b821562f.png"
                    },
                    {
                        "size": "extralarge",
                        "#text": "https://lastfm.freetls.fastly.net/i/u/300x300/2a96cbd8b46e442fc41c2b86b821562f.png"
                    }
                ],
                "streamable": {
                    "fulltrack": "0",
                    "#text": "0"
                }
            },
            {
                "artist": {
                    "url": "https://www.last.fm/music/Lovage",
                    "name": "Lovage",
                    "mbid": "43e2b545-3e4a-4fd7-a773-8daafa610570"
                },
                "date": {
                    "uts": "1412604686",
                    "#text": "06 Oct 2014, 14:11"
                },
                "mbid": "07394b02-579b-3411-a93c-5164b34f23f8",
                "url": "https://www.last.fm/music/Lovage/_/Stroker+Ace",
                "name": "Stroker Ace",
                "image": [
                    {
                        "size": "small",
                        "#text": "https://lastfm.freetls.fastly.net/i/u/34s/2a96cbd8b46e442fc41c2b86b821562f.png"
                    },
                    {
                        "size": "medium",
                        "#text": "https://lastfm.freetls.fastly.net/i/u/64s/2a96cbd8b46e442fc41c2b86b821562f.png"
                    },
                    {
                        "size": "large",
                        "#text": "https://lastfm.freetls.fastly.net/i/u/174s/2a96cbd8b46e442fc41c2b86b821562f.png"
                    },
                    {
                        "size": "extralarge",
                        "#text": "https://lastfm.freetls.fastly.net/i/u/300x300/2a96cbd8b46e442fc41c2b86b821562f.png"
                    }
                ],
                "streamable": {
                    "fulltrack": "0",
                    "#text": "0"
                }
            },
            {
                "artist": {
                    "url": "https://www.last.fm/music/Seagram",
                    "name": "Seagram",
                    "mbid": ""
                },
                "date": {
                    "uts": "1412297575",
                    "#text": "03 Oct 2014, 00:52"
                },
                "mbid": "",
                "url": "https://www.last.fm/music/Seagram/_/East+Side+Soldier+(feat.+Yukmouth,+Dru+Down+&+Pooh+Man)",
                "name": "East Side Soldier (feat. Yukmouth, Dru Down & Pooh Man)",
                "image": [
                    {
                        "size": "small",
                        "#text": "https://lastfm.freetls.fastly.net/i/u/34s/2a96cbd8b46e442fc41c2b86b821562f.png"
                    },
                    {
                        "size": "medium",
                        "#text": "https://lastfm.freetls.fastly.net/i/u/64s/2a96cbd8b46e442fc41c2b86b821562f.png"
                    },
                    {
                        "size": "large",
                        "#text": "https://lastfm.freetls.fastly.net/i/u/174s/2a96cbd8b46e442fc41c2b86b821562f.png"
                    },
                    {
                        "size": "extralarge",
                        "#text": "https://lastfm.freetls.fastly.net/i/u/300x300/2a96cbd8b46e442fc41c2b86b821562f.png"
                    }
                ],
                "streamable": {
                    "fulltrack": "0",
                    "#text": "0"
                }
            },
            {
                "artist": {
                    "url": "https://www.last.fm/music/Pooh-Man",
                    "name": "Pooh-Man",
                    "mbid": ""
                },
                "date": {
                    "uts": "1412296612",
                    "#text": "03 Oct 2014, 00:36"
                },
                "mbid": "",
                "url": "https://www.last.fm/music/Pooh-Man/_/Ain%27t+No+Love",
                "name": "Ain't No Love",
                "image": [
                    {
                        "size": "small",
                        "#text": "https://lastfm.freetls.fastly.net/i/u/34s/2a96cbd8b46e442fc41c2b86b821562f.png"
                    },
                    {
                        "size": "medium",
                        "#text": "https://lastfm.freetls.fastly.net/i/u/64s/2a96cbd8b46e442fc41c2b86b821562f.png"
                    },
                    {
                        "size": "large",
                        "#text": "https://lastfm.freetls.fastly.net/i/u/174s/2a96cbd8b46e442fc41c2b86b821562f.png"
                    },
                    {
                        "size": "extralarge",
                        "#text": "https://lastfm.freetls.fastly.net/i/u/300x300/2a96cbd8b46e442fc41c2b86b821562f.png"
                    }
                ],
                "streamable": {
                    "fulltrack": "0",
                    "#text": "0"
                }
            },
            {
                "artist": {
                    "url": "https://www.last.fm/music/The+Notorious+B.I.G.",
                    "name": "The Notorious B.I.G.",
                    "mbid": "d5d97b2b-b83b-4976-814a-056d9076c8c3"
                },
                "date": {
                    "uts": "1412295881",
                    "#text": "03 Oct 2014, 00:24"
                },
                "mbid": "2c1d093a-ad4e-4f96-b27c-15a63210ec6f",
                "url": "https://www.last.fm/music/The+Notorious+B.I.G./_/Hypnotize",
                "name": "Hypnotize",
                "image": [
                    {
                        "size": "small",
                        "#text": "https://lastfm.freetls.fastly.net/i/u/34s/2a96cbd8b46e442fc41c2b86b821562f.png"
                    },
                    {
                        "size": "medium",
                        "#text": "https://lastfm.freetls.fastly.net/i/u/64s/2a96cbd8b46e442fc41c2b86b821562f.png"
                    },
                    {
                        "size": "large",
                        "#text": "https://lastfm.freetls.fastly.net/i/u/174s/2a96cbd8b46e442fc41c2b86b821562f.png"
                    },
                    {
                        "size": "extralarge",
                        "#text": "https://lastfm.freetls.fastly.net/i/u/300x300/2a96cbd8b46e442fc41c2b86b821562f.png"
                    }
                ],
                "streamable": {
                    "fulltrack": "0",
                    "#text": "0"
                }
            },
            {
                "artist": {
                    "url": "https://www.last.fm/music/The+B+Foundation",
                    "name": "The B Foundation",
                    "mbid": "98b15087-d12a-46ac-ba80-e23583841372"
                },
                "date": {
                    "uts": "1409953370",
                    "#text": "05 Sep 2014, 21:42"
                },
                "mbid": "",
                "url": "https://www.last.fm/music/The+B+Foundation/_/Aint+Coming+Home+Tonight",
                "name": "Aint Coming Home Tonight",
                "image": [
                    {
                        "size": "small",
                        "#text": "https://lastfm.freetls.fastly.net/i/u/34s/2a96cbd8b46e442fc41c2b86b821562f.png"
                    },
                    {
                        "size": "medium",
                        "#text": "https://lastfm.freetls.fastly.net/i/u/64s/2a96cbd8b46e442fc41c2b86b821562f.png"
                    },
                    {
                        "size": "large",
                        "#text": "https://lastfm.freetls.fastly.net/i/u/174s/2a96cbd8b46e442fc41c2b86b821562f.png"
                    },
                    {
                        "size": "extralarge",
                        "#text": "https://lastfm.freetls.fastly.net/i/u/300x300/2a96cbd8b46e442fc41c2b86b821562f.png"
                    }
                ],
                "streamable": {
                    "fulltrack": "0",
                    "#text": "0"
                }
            },
            {
                "artist": {
                    "url": "https://www.last.fm/music/Joe+Nichols",
                    "name": "Joe Nichols",
                    "mbid": "e45692e4-69f6-4493-888b-7ab89d21d0a4"
                },
                "date": {
                    "uts": "1409608816",
                    "#text": "01 Sep 2014, 22:00"
                },
                "mbid": "1055f33e-555f-3cd8-9c78-863cc986be47",
                "url": "https://www.last.fm/music/Joe+Nichols/_/Tequila+Makes+Her+Clothes+Fall+Off",
                "name": "Tequila Makes Her Clothes Fall Off",
                "image": [
                    {
                        "size": "small",
                        "#text": "https://lastfm.freetls.fastly.net/i/u/34s/2a96cbd8b46e442fc41c2b86b821562f.png"
                    },
                    {
                        "size": "medium",
                        "#text": "https://lastfm.freetls.fastly.net/i/u/64s/2a96cbd8b46e442fc41c2b86b821562f.png"
                    },
                    {
                        "size": "large",
                        "#text": "https://lastfm.freetls.fastly.net/i/u/174s/2a96cbd8b46e442fc41c2b86b821562f.png"
                    },
                    {
                        "size": "extralarge",
                        "#text": "https://lastfm.freetls.fastly.net/i/u/300x300/2a96cbd8b46e442fc41c2b86b821562f.png"
                    }
                ],
                "streamable": {
                    "fulltrack": "0",
                    "#text": "0"
                }
            },
            {
                "artist": {
                    "url": "https://www.last.fm/music/Joe+Diffie",
                    "name": "Joe Diffie",
                    "mbid": "98b31574-fa4c-4cf1-bf32-681f7df45fe3"
                },
                "date": {
                    "uts": "1409608514",
                    "#text": "01 Sep 2014, 21:55"
                },
                "mbid": "cf289b14-a11f-3658-9244-215633cacd3b",
                "url": "https://www.last.fm/music/Joe+Diffie/_/Pickup+Man",
                "name": "Pickup Man",
                "image": [
                    {
                        "size": "small",
                        "#text": "https://lastfm.freetls.fastly.net/i/u/34s/2a96cbd8b46e442fc41c2b86b821562f.png"
                    },
                    {
                        "size": "medium",
                        "#text": "https://lastfm.freetls.fastly.net/i/u/64s/2a96cbd8b46e442fc41c2b86b821562f.png"
                    },
                    {
                        "size": "large",
                        "#text": "https://lastfm.freetls.fastly.net/i/u/174s/2a96cbd8b46e442fc41c2b86b821562f.png"
                    },
                    {
                        "size": "extralarge",
                        "#text": "https://lastfm.freetls.fastly.net/i/u/300x300/2a96cbd8b46e442fc41c2b86b821562f.png"
                    }
                ],
                "streamable": {
                    "fulltrack": "0",
                    "#text": "0"
                }
            },
            {
                "artist": {
                    "url": "https://www.last.fm/music/Chris+Young",
                    "name": "Chris Young",
                    "mbid": "86de027e-097d-41b1-9b97-c0a69379ff4b"
                },
                "date": {
                    "uts": "1409608506",
                    "#text": "01 Sep 2014, 21:55"
                },
                "mbid": "78748144-7d09-3119-b66f-2ab79b59ddc6",
                "url": "https://www.last.fm/music/Chris+Young/_/Beer+or+Gasoline",
                "name": "Beer or Gasoline",
                "image": [
                    {
                        "size": "small",
                        "#text": "https://lastfm.freetls.fastly.net/i/u/34s/2a96cbd8b46e442fc41c2b86b821562f.png"
                    },
                    {
                        "size": "medium",
                        "#text": "https://lastfm.freetls.fastly.net/i/u/64s/2a96cbd8b46e442fc41c2b86b821562f.png"
                    },
                    {
                        "size": "large",
                        "#text": "https://lastfm.freetls.fastly.net/i/u/174s/2a96cbd8b46e442fc41c2b86b821562f.png"
                    },
                    {
                        "size": "extralarge",
                        "#text": "https://lastfm.freetls.fastly.net/i/u/300x300/2a96cbd8b46e442fc41c2b86b821562f.png"
                    }
                ],
                "streamable": {
                    "fulltrack": "0",
                    "#text": "0"
                }
            },
            {
                "artist": {
                    "url": "https://www.last.fm/music/Luke+Bryan",
                    "name": "Luke Bryan",
                    "mbid": "aab35942-f176-4f77-bbf9-1d6aa98ccf3f"
                },
                "date": {
                    "uts": "1409608504",
                    "#text": "01 Sep 2014, 21:55"
                },
                "mbid": "724725a4-c733-4eac-a04b-a3cf85a6bc14",
                "url": "https://www.last.fm/music/Luke+Bryan/_/Rain+Is+a+Good+Thing",
                "name": "Rain Is a Good Thing",
                "image": [
                    {
                        "size": "small",
                        "#text": "https://lastfm.freetls.fastly.net/i/u/34s/2a96cbd8b46e442fc41c2b86b821562f.png"
                    },
                    {
                        "size": "medium",
                        "#text": "https://lastfm.freetls.fastly.net/i/u/64s/2a96cbd8b46e442fc41c2b86b821562f.png"
                    },
                    {
                        "size": "large",
                        "#text": "https://lastfm.freetls.fastly.net/i/u/174s/2a96cbd8b46e442fc41c2b86b821562f.png"
                    },
                    {
                        "size": "extralarge",
                        "#text": "https://lastfm.freetls.fastly.net/i/u/300x300/2a96cbd8b46e442fc41c2b86b821562f.png"
                    }
                ],
                "streamable": {
                    "fulltrack": "0",
                    "#text": "0"
                }
            },
            {
                "artist": {
                    "url": "https://www.last.fm/music/Kip+Moore",
                    "name": "Kip Moore",
                    "mbid": "3afa378a-4a7f-46f5-b686-f41ee2287c0c"
                },
                "date": {
                    "uts": "1409608502",
                    "#text": "01 Sep 2014, 21:55"
                },
                "mbid": "f58b486b-3ed3-3150-91da-5a39d361a2c8",
                "url": "https://www.last.fm/music/Kip+Moore/_/Somethin%27+%27Bout+a+Truck",
                "name": "Somethin' 'Bout a Truck",
                "image": [
                    {
                        "size": "small",
                        "#text": "https://lastfm.freetls.fastly.net/i/u/34s/2a96cbd8b46e442fc41c2b86b821562f.png"
                    },
                    {
                        "size": "medium",
                        "#text": "https://lastfm.freetls.fastly.net/i/u/64s/2a96cbd8b46e442fc41c2b86b821562f.png"
                    },
                    {
                        "size": "large",
                        "#text": "https://lastfm.freetls.fastly.net/i/u/174s/2a96cbd8b46e442fc41c2b86b821562f.png"
                    },
                    {
                        "size": "extralarge",
                        "#text": "https://lastfm.freetls.fastly.net/i/u/300x300/2a96cbd8b46e442fc41c2b86b821562f.png"
                    }
                ],
                "streamable": {
                    "fulltrack": "0",
                    "#text": "0"
                }
            },
            {
                "artist": {
                    "url": "https://www.last.fm/music/Easton+Corbin",
                    "name": "Easton Corbin",
                    "mbid": "c6ada25c-8590-4b75-8013-883a8df55882"
                },
                "date": {
                    "uts": "1409603460",
                    "#text": "01 Sep 2014, 20:31"
                },
                "mbid": "0203103a-b54f-4b3f-ab28-81c375ec18b1",
                "url": "https://www.last.fm/music/Easton+Corbin/_/All+Over+the+Road",
                "name": "All Over the Road",
                "image": [
                    {
                        "size": "small",
                        "#text": "https://lastfm.freetls.fastly.net/i/u/34s/2a96cbd8b46e442fc41c2b86b821562f.png"
                    },
                    {
                        "size": "medium",
                        "#text": "https://lastfm.freetls.fastly.net/i/u/64s/2a96cbd8b46e442fc41c2b86b821562f.png"
                    },
                    {
                        "size": "large",
                        "#text": "https://lastfm.freetls.fastly.net/i/u/174s/2a96cbd8b46e442fc41c2b86b821562f.png"
                    },
                    {
                        "size": "extralarge",
                        "#text": "https://lastfm.freetls.fastly.net/i/u/300x300/2a96cbd8b46e442fc41c2b86b821562f.png"
                    }
                ],
                "streamable": {
                    "fulltrack": "0",
                    "#text": "0"
                }
            },
            {
                "artist": {
                    "url": "https://www.last.fm/music/Leonard+Cohen",
                    "name": "Leonard Cohen",
                    "mbid": "65314b12-0e08-43fa-ba33-baaa7b874c15"
                },
                "date": {
                    "uts": "1408842114",
                    "#text": "24 Aug 2014, 01:01"
                },
                "mbid": "04a1f0db-3471-4535-a711-cca95cf63562",
                "url": "https://www.last.fm/music/Leonard+Cohen/_/Almost+Like+the+Blues",
                "name": "Almost Like the Blues",
                "image": [
                    {
                        "size": "small",
                        "#text": "https://lastfm.freetls.fastly.net/i/u/34s/2a96cbd8b46e442fc41c2b86b821562f.png"
                    },
                    {
                        "size": "medium",
                        "#text": "https://lastfm.freetls.fastly.net/i/u/64s/2a96cbd8b46e442fc41c2b86b821562f.png"
                    },
                    {
                        "size": "large",
                        "#text": "https://lastfm.freetls.fastly.net/i/u/174s/2a96cbd8b46e442fc41c2b86b821562f.png"
                    },
                    {
                        "size": "extralarge",
                        "#text": "https://lastfm.freetls.fastly.net/i/u/300x300/2a96cbd8b46e442fc41c2b86b821562f.png"
                    }
                ],
                "streamable": {
                    "fulltrack": "0",
                    "#text": "0"
                }
            },
            {
                "artist": {
                    "url": "https://www.last.fm/music/Renaissance",
                    "name": "Renaissance",
                    "mbid": ""
                },
                "date": {
                    "uts": "1407167830",
                    "#text": "04 Aug 2014, 15:57"
                },
                "mbid": "c6bfda06-1da5-4566-9aa4-0a1703fa8239",
                "url": "https://www.last.fm/music/Renaissance/_/Northern+Lights",
                "name": "Northern Lights",
                "image": [
                    {
                        "size": "small",
                        "#text": "https://lastfm.freetls.fastly.net/i/u/34s/2a96cbd8b46e442fc41c2b86b821562f.png"
                    },
                    {
                        "size": "medium",
                        "#text": "https://lastfm.freetls.fastly.net/i/u/64s/2a96cbd8b46e442fc41c2b86b821562f.png"
                    },
                    {
                        "size": "large",
                        "#text": "https://lastfm.freetls.fastly.net/i/u/174s/2a96cbd8b46e442fc41c2b86b821562f.png"
                    },
                    {
                        "size": "extralarge",
                        "#text": "https://lastfm.freetls.fastly.net/i/u/300x300/2a96cbd8b46e442fc41c2b86b821562f.png"
                    }
                ],
                "streamable": {
                    "fulltrack": "0",
                    "#text": "0"
                }
            },
            {
                "artist": {
                    "url": "https://www.last.fm/music/Peter+White",
                    "name": "Peter White",
                    "mbid": "2833d222-f057-43a5-a90b-e44f0df63acb"
                },
                "date": {
                    "uts": "1407067144",
                    "#text": "03 Aug 2014, 11:59"
                },
                "mbid": "bb152def-6d30-4869-b546-cbd357ac47a2",
                "url": "https://www.last.fm/music/Peter+White/_/Hit+The+Road+Jack",
                "name": "Hit The Road Jack",
                "image": [
                    {
                        "size": "small",
                        "#text": "https://lastfm.freetls.fastly.net/i/u/34s/2a96cbd8b46e442fc41c2b86b821562f.png"
                    },
                    {
                        "size": "medium",
                        "#text": "https://lastfm.freetls.fastly.net/i/u/64s/2a96cbd8b46e442fc41c2b86b821562f.png"
                    },
                    {
                        "size": "large",
                        "#text": "https://lastfm.freetls.fastly.net/i/u/174s/2a96cbd8b46e442fc41c2b86b821562f.png"
                    },
                    {
                        "size": "extralarge",
                        "#text": "https://lastfm.freetls.fastly.net/i/u/300x300/2a96cbd8b46e442fc41c2b86b821562f.png"
                    }
                ],
                "streamable": {
                    "fulltrack": "0",
                    "#text": "0"
                }
            },
            {
                "artist": {
                    "url": "https://www.last.fm/music/The+Isley+Brothers",
                    "name": "The Isley Brothers",
                    "mbid": ""
                },
                "date": {
                    "uts": "1403625541",
                    "#text": "24 Jun 2014, 15:59"
                },
                "mbid": "",
                "url": "https://www.last.fm/music/The+Isley+Brothers/_/That+Lady+-+Pts.+1+&+2",
                "name": "That Lady - Pts. 1 & 2",
                "image": [
                    {
                        "size": "small",
                        "#text": "https://lastfm.freetls.fastly.net/i/u/34s/2a96cbd8b46e442fc41c2b86b821562f.png"
                    },
                    {
                        "size": "medium",
                        "#text": "https://lastfm.freetls.fastly.net/i/u/64s/2a96cbd8b46e442fc41c2b86b821562f.png"
                    },
                    {
                        "size": "large",
                        "#text": "https://lastfm.freetls.fastly.net/i/u/174s/2a96cbd8b46e442fc41c2b86b821562f.png"
                    },
                    {
                        "size": "extralarge",
                        "#text": "https://lastfm.freetls.fastly.net/i/u/300x300/2a96cbd8b46e442fc41c2b86b821562f.png"
                    }
                ],
                "streamable": {
                    "fulltrack": "0",
                    "#text": "0"
                }
            },
            {
                "artist": {
                    "url": "https://www.last.fm/music/Fat+Freddy%27s+Drop",
                    "name": "Fat Freddy's Drop",
                    "mbid": "d451395a-f768-432e-bb70-d38c32baf4cb"
                },
                "date": {
                    "uts": "1402575515",
                    "#text": "12 Jun 2014, 12:18"
                },
                "mbid": "626120a1-2260-469c-98c1-eb87719a03bf",
                "url": "https://www.last.fm/music/Fat+Freddy%27s+Drop/_/Wandering+Eye+-+Radio+Edit",
                "name": "Wandering Eye - Radio Edit",
                "image": [
                    {
                        "size": "small",
                        "#text": "https://lastfm.freetls.fastly.net/i/u/34s/2a96cbd8b46e442fc41c2b86b821562f.png"
                    },
                    {
                        "size": "medium",
                        "#text": "https://lastfm.freetls.fastly.net/i/u/64s/2a96cbd8b46e442fc41c2b86b821562f.png"
                    },
                    {
                        "size": "large",
                        "#text": "https://lastfm.freetls.fastly.net/i/u/174s/2a96cbd8b46e442fc41c2b86b821562f.png"
                    },
                    {
                        "size": "extralarge",
                        "#text": "https://lastfm.freetls.fastly.net/i/u/300x300/2a96cbd8b46e442fc41c2b86b821562f.png"
                    }
                ],
                "streamable": {
                    "fulltrack": "0",
                    "#text": "0"
                }
            },
            {
                "artist": {
                    "url": "https://www.last.fm/music/Marcus+Miller,+Joe+Kibble",
                    "name": "Marcus Miller, Joe Kibble",
                    "mbid": ""
                },
                "date": {
                    "uts": "1401236954",
                    "#text": "28 May 2014, 00:29"
                },
                "mbid": "",
                "url": "https://www.last.fm/music/Marcus+Miller,+Joe+Kibble/_/Silver+Rain+(feat.+Joe+Kibble)",
                "name": "Silver Rain (feat. Joe Kibble)",
                "image": [
                    {
                        "size": "small",
                        "#text": "https://lastfm.freetls.fastly.net/i/u/34s/2a96cbd8b46e442fc41c2b86b821562f.png"
                    },
                    {
                        "size": "medium",
                        "#text": "https://lastfm.freetls.fastly.net/i/u/64s/2a96cbd8b46e442fc41c2b86b821562f.png"
                    },
                    {
                        "size": "large",
                        "#text": "https://lastfm.freetls.fastly.net/i/u/174s/2a96cbd8b46e442fc41c2b86b821562f.png"
                    },
                    {
                        "size": "extralarge",
                        "#text": "https://lastfm.freetls.fastly.net/i/u/300x300/2a96cbd8b46e442fc41c2b86b821562f.png"
                    }
                ],
                "streamable": {
                    "fulltrack": "0",
                    "#text": "0"
                }
            },
            {
                "artist": {
                    "url": "https://www.last.fm/music/Marcus+Miller",
                    "name": "Marcus Miller",
                    "mbid": "8fbabd07-4b2b-4f4c-add5-680429a8c44a"
                },
                "date": {
                    "uts": "1401236941",
                    "#text": "28 May 2014, 00:29"
                },
                "mbid": "95a44548-730c-39d5-9137-260eb29740d8",
                "url": "https://www.last.fm/music/Marcus+Miller/_/Silver+Rain",
                "name": "Silver Rain",
                "image": [
                    {
                        "size": "small",
                        "#text": "https://lastfm.freetls.fastly.net/i/u/34s/2a96cbd8b46e442fc41c2b86b821562f.png"
                    },
                    {
                        "size": "medium",
                        "#text": "https://lastfm.freetls.fastly.net/i/u/64s/2a96cbd8b46e442fc41c2b86b821562f.png"
                    },
                    {
                        "size": "large",
                        "#text": "https://lastfm.freetls.fastly.net/i/u/174s/2a96cbd8b46e442fc41c2b86b821562f.png"
                    },
                    {
                        "size": "extralarge",
                        "#text": "https://lastfm.freetls.fastly.net/i/u/300x300/2a96cbd8b46e442fc41c2b86b821562f.png"
                    }
                ],
                "streamable": {
                    "fulltrack": "0",
                    "#text": "0"
                }
            },
            {
                "artist": {
                    "url": "https://www.last.fm/music/Roy+Ayers",
                    "name": "Roy Ayers",
                    "mbid": "06e199c1-6f33-477b-a74d-bc8a283bd8f0"
                },
                "date": {
                    "uts": "1400493300",
                    "#text": "19 May 2014, 09:55"
                },
                "mbid": "16432b45-bd4e-4f2d-b6db-4f4a933c5998",
                "url": "https://www.last.fm/music/Roy+Ayers/_/The+Boogie+Back",
                "name": "The Boogie Back",
                "image": [
                    {
                        "size": "small",
                        "#text": "https://lastfm.freetls.fastly.net/i/u/34s/2a96cbd8b46e442fc41c2b86b821562f.png"
                    },
                    {
                        "size": "medium",
                        "#text": "https://lastfm.freetls.fastly.net/i/u/64s/2a96cbd8b46e442fc41c2b86b821562f.png"
                    },
                    {
                        "size": "large",
                        "#text": "https://lastfm.freetls.fastly.net/i/u/174s/2a96cbd8b46e442fc41c2b86b821562f.png"
                    },
                    {
                        "size": "extralarge",
                        "#text": "https://lastfm.freetls.fastly.net/i/u/300x300/2a96cbd8b46e442fc41c2b86b821562f.png"
                    }
                ],
                "streamable": {
                    "fulltrack": "0",
                    "#text": "0"
                }
            },
            {
                "artist": {
                    "url": "https://www.last.fm/music/John+Scofield",
                    "name": "John Scofield",
                    "mbid": "cbfd7f01-87c3-44bf-a3a2-fe4dbff20ad2"
                },
                "date": {
                    "uts": "1400375584",
                    "#text": "18 May 2014, 01:13"
                },
                "mbid": "347c0beb-8b7c-4698-b2cf-3dee08e6862f",
                "url": "https://www.last.fm/music/John+Scofield/_/Boogie+Stupid",
                "name": "Boogie Stupid",
                "image": [
                    {
                        "size": "small",
                        "#text": "https://lastfm.freetls.fastly.net/i/u/34s/2a96cbd8b46e442fc41c2b86b821562f.png"
                    },
                    {
                        "size": "medium",
                        "#text": "https://lastfm.freetls.fastly.net/i/u/64s/2a96cbd8b46e442fc41c2b86b821562f.png"
                    },
                    {
                        "size": "large",
                        "#text": "https://lastfm.freetls.fastly.net/i/u/174s/2a96cbd8b46e442fc41c2b86b821562f.png"
                    },
                    {
                        "size": "extralarge",
                        "#text": "https://lastfm.freetls.fastly.net/i/u/300x300/2a96cbd8b46e442fc41c2b86b821562f.png"
                    }
                ],
                "streamable": {
                    "fulltrack": "0",
                    "#text": "0"
                }
            },
            {
                "artist": {
                    "url": "https://www.last.fm/music/John+Scofield",
                    "name": "John Scofield",
                    "mbid": "cbfd7f01-87c3-44bf-a3a2-fe4dbff20ad2"
                },
                "date": {
                    "uts": "1400375170",
                    "#text": "18 May 2014, 01:06"
                },
                "mbid": "b7bb9ead-516a-41d2-a156-4dccee8f2beb",
                "url": "https://www.last.fm/music/John+Scofield/_/Just+Don%27t+Want+To+Be+Lonely",
                "name": "Just Don't Want To Be Lonely",
                "image": [
                    {
                        "size": "small",
                        "#text": "https://lastfm.freetls.fastly.net/i/u/34s/2a96cbd8b46e442fc41c2b86b821562f.png"
                    },
                    {
                        "size": "medium",
                        "#text": "https://lastfm.freetls.fastly.net/i/u/64s/2a96cbd8b46e442fc41c2b86b821562f.png"
                    },
                    {
                        "size": "large",
                        "#text": "https://lastfm.freetls.fastly.net/i/u/174s/2a96cbd8b46e442fc41c2b86b821562f.png"
                    },
                    {
                        "size": "extralarge",
                        "#text": "https://lastfm.freetls.fastly.net/i/u/300x300/2a96cbd8b46e442fc41c2b86b821562f.png"
                    }
                ],
                "streamable": {
                    "fulltrack": "0",
                    "#text": "0"
                }
            },
            {
                "artist": {
                    "url": "https://www.last.fm/music/Roy+Ayers",
                    "name": "Roy Ayers",
                    "mbid": "06e199c1-6f33-477b-a74d-bc8a283bd8f0"
                },
                "date": {
                    "uts": "1400375139",
                    "#text": "18 May 2014, 01:05"
                },
                "mbid": "023d2241-b332-3d6b-969f-c6e8273b6ea0",
                "url": "https://www.last.fm/music/Roy+Ayers/_/Funk+in+the+Hole",
                "name": "Funk in the Hole",
                "image": [
                    {
                        "size": "small",
                        "#text": "https://lastfm.freetls.fastly.net/i/u/34s/2a96cbd8b46e442fc41c2b86b821562f.png"
                    },
                    {
                        "size": "medium",
                        "#text": "https://lastfm.freetls.fastly.net/i/u/64s/2a96cbd8b46e442fc41c2b86b821562f.png"
                    },
                    {
                        "size": "large",
                        "#text": "https://lastfm.freetls.fastly.net/i/u/174s/2a96cbd8b46e442fc41c2b86b821562f.png"
                    },
                    {
                        "size": "extralarge",
                        "#text": "https://lastfm.freetls.fastly.net/i/u/300x300/2a96cbd8b46e442fc41c2b86b821562f.png"
                    }
                ],
                "streamable": {
                    "fulltrack": "0",
                    "#text": "0"
                }
            },
            {
                "artist": {
                    "url": "https://www.last.fm/music/Devin+the+Dude",
                    "name": "Devin the Dude",
                    "mbid": "b4e1a0b3-af92-4a4b-8f44-9633f59f7138"
                },
                "date": {
                    "uts": "1400375132",
                    "#text": "18 May 2014, 01:05"
                },
                "mbid": "55174e99-2dcd-4ebf-a051-92d060b156a5",
                "url": "https://www.last.fm/music/Devin+the+Dude/_/What+A+Job",
                "name": "What A Job",
                "image": [
                    {
                        "size": "small",
                        "#text": "https://lastfm.freetls.fastly.net/i/u/34s/2a96cbd8b46e442fc41c2b86b821562f.png"
                    },
                    {
                        "size": "medium",
                        "#text": "https://lastfm.freetls.fastly.net/i/u/64s/2a96cbd8b46e442fc41c2b86b821562f.png"
                    },
                    {
                        "size": "large",
                        "#text": "https://lastfm.freetls.fastly.net/i/u/174s/2a96cbd8b46e442fc41c2b86b821562f.png"
                    },
                    {
                        "size": "extralarge",
                        "#text": "https://lastfm.freetls.fastly.net/i/u/300x300/2a96cbd8b46e442fc41c2b86b821562f.png"
                    }
                ],
                "streamable": {
                    "fulltrack": "0",
                    "#text": "0"
                }
            },
            {
                "artist": {
                    "url": "https://www.last.fm/music/The+Meters",
                    "name": "The Meters",
                    "mbid": "851827d6-ae31-4093-a166-1420cac610a4"
                },
                "date": {
                    "uts": "1400375129",
                    "#text": "18 May 2014, 01:05"
                },
                "mbid": "",
                "url": "https://www.last.fm/music/The+Meters/_/Cissy+Strut",
                "name": "Cissy Strut",
                "image": [
                    {
                        "size": "small",
                        "#text": "https://lastfm.freetls.fastly.net/i/u/34s/2a96cbd8b46e442fc41c2b86b821562f.png"
                    },
                    {
                        "size": "medium",
                        "#text": "https://lastfm.freetls.fastly.net/i/u/64s/2a96cbd8b46e442fc41c2b86b821562f.png"
                    },
                    {
                        "size": "large",
                        "#text": "https://lastfm.freetls.fastly.net/i/u/174s/2a96cbd8b46e442fc41c2b86b821562f.png"
                    },
                    {
                        "size": "extralarge",
                        "#text": "https://lastfm.freetls.fastly.net/i/u/300x300/2a96cbd8b46e442fc41c2b86b821562f.png"
                    }
                ],
                "streamable": {
                    "fulltrack": "0",
                    "#text": "0"
                }
            },
            {
                "artist": {
                    "url": "https://www.last.fm/music/Soulive",
                    "name": "Soulive",
                    "mbid": "8b1bdf8a-69dc-4c73-b6f9-0ae6f9cdcd31"
                },
                "date": {
                    "uts": "1400375126",
                    "#text": "18 May 2014, 01:05"
                },
                "mbid": "1b8bba6d-68e0-3c20-ad97-e51bec202295",
                "url": "https://www.last.fm/music/Soulive/_/Romantic",
                "name": "Romantic",
                "image": [
                    {
                        "size": "small",
                        "#text": "https://lastfm.freetls.fastly.net/i/u/34s/2a96cbd8b46e442fc41c2b86b821562f.png"
                    },
                    {
                        "size": "medium",
                        "#text": "https://lastfm.freetls.fastly.net/i/u/64s/2a96cbd8b46e442fc41c2b86b821562f.png"
                    },
                    {
                        "size": "large",
                        "#text": "https://lastfm.freetls.fastly.net/i/u/174s/2a96cbd8b46e442fc41c2b86b821562f.png"
                    },
                    {
                        "size": "extralarge",
                        "#text": "https://lastfm.freetls.fastly.net/i/u/300x300/2a96cbd8b46e442fc41c2b86b821562f.png"
                    }
                ],
                "streamable": {
                    "fulltrack": "0",
                    "#text": "0"
                }
            },
            {
                "artist": {
                    "url": "https://www.last.fm/music/John+Scofield",
                    "name": "John Scofield",
                    "mbid": "cbfd7f01-87c3-44bf-a3a2-fe4dbff20ad2"
                },
                "date": {
                    "uts": "1400375120",
                    "#text": "18 May 2014, 01:05"
                },
                "mbid": "",
                "url": "https://www.last.fm/music/John+Scofield/_/The+red+one",
                "name": "The red one",
                "image": [
                    {
                        "size": "small",
                        "#text": "https://lastfm.freetls.fastly.net/i/u/34s/2a96cbd8b46e442fc41c2b86b821562f.png"
                    },
                    {
                        "size": "medium",
                        "#text": "https://lastfm.freetls.fastly.net/i/u/64s/2a96cbd8b46e442fc41c2b86b821562f.png"
                    },
                    {
                        "size": "large",
                        "#text": "https://lastfm.freetls.fastly.net/i/u/174s/2a96cbd8b46e442fc41c2b86b821562f.png"
                    },
                    {
                        "size": "extralarge",
                        "#text": "https://lastfm.freetls.fastly.net/i/u/300x300/2a96cbd8b46e442fc41c2b86b821562f.png"
                    }
                ],
                "streamable": {
                    "fulltrack": "0",
                    "#text": "0"
                }
            },
            {
                "artist": {
                    "url": "https://www.last.fm/music/Labi+Siffre",
                    "name": "Labi Siffre",
                    "mbid": "6838ca8e-da88-436c-a0fd-6d3a7e832f1f"
                },
                "date": {
                    "uts": "1400372038",
                    "#text": "18 May 2014, 00:13"
                },
                "mbid": "29f237eb-adc5-318e-a364-783fdada64ca",
                "url": "https://www.last.fm/music/Labi+Siffre/_/Doctor+Doctor",
                "name": "Doctor Doctor",
                "image": [
                    {
                        "size": "small",
                        "#text": "https://lastfm.freetls.fastly.net/i/u/34s/2a96cbd8b46e442fc41c2b86b821562f.png"
                    },
                    {
                        "size": "medium",
                        "#text": "https://lastfm.freetls.fastly.net/i/u/64s/2a96cbd8b46e442fc41c2b86b821562f.png"
                    },
                    {
                        "size": "large",
                        "#text": "https://lastfm.freetls.fastly.net/i/u/174s/2a96cbd8b46e442fc41c2b86b821562f.png"
                    },
                    {
                        "size": "extralarge",
                        "#text": "https://lastfm.freetls.fastly.net/i/u/300x300/2a96cbd8b46e442fc41c2b86b821562f.png"
                    }
                ],
                "streamable": {
                    "fulltrack": "0",
                    "#text": "0"
                }
            },
            {
                "artist": {
                    "url": "https://www.last.fm/music/Labi+Siffre",
                    "name": "Labi Siffre",
                    "mbid": "6838ca8e-da88-436c-a0fd-6d3a7e832f1f"
                },
                "date": {
                    "uts": "1400249073",
                    "#text": "16 May 2014, 14:04"
                },
                "mbid": "09ef3c03-4a7f-40e5-9c1c-bddb4ba4e5a2",
                "url": "https://www.last.fm/music/Labi+Siffre/_/I+Got+The...",
                "name": "I Got The...",
                "image": [
                    {
                        "size": "small",
                        "#text": "https://lastfm.freetls.fastly.net/i/u/34s/2a96cbd8b46e442fc41c2b86b821562f.png"
                    },
                    {
                        "size": "medium",
                        "#text": "https://lastfm.freetls.fastly.net/i/u/64s/2a96cbd8b46e442fc41c2b86b821562f.png"
                    },
                    {
                        "size": "large",
                        "#text": "https://lastfm.freetls.fastly.net/i/u/174s/2a96cbd8b46e442fc41c2b86b821562f.png"
                    },
                    {
                        "size": "extralarge",
                        "#text": "https://lastfm.freetls.fastly.net/i/u/300x300/2a96cbd8b46e442fc41c2b86b821562f.png"
                    }
                ],
                "streamable": {
                    "fulltrack": "0",
                    "#text": "0"
                }
            },
            {
                "artist": {
                    "url": "https://www.last.fm/music/Labi+Siffre",
                    "name": "Labi Siffre",
                    "mbid": "6838ca8e-da88-436c-a0fd-6d3a7e832f1f"
                },
                "date": {
                    "uts": "1400249068",
                    "#text": "16 May 2014, 14:04"
                },
                "mbid": "",
                "url": "https://www.last.fm/music/Labi+Siffre/_/I+Got+The...+-+2006+Digital+Remaster",
                "name": "I Got The... - 2006 Digital Remaster",
                "image": [
                    {
                        "size": "small",
                        "#text": "https://lastfm.freetls.fastly.net/i/u/34s/2a96cbd8b46e442fc41c2b86b821562f.png"
                    },
                    {
                        "size": "medium",
                        "#text": "https://lastfm.freetls.fastly.net/i/u/64s/2a96cbd8b46e442fc41c2b86b821562f.png"
                    },
                    {
                        "size": "large",
                        "#text": "https://lastfm.freetls.fastly.net/i/u/174s/2a96cbd8b46e442fc41c2b86b821562f.png"
                    },
                    {
                        "size": "extralarge",
                        "#text": "https://lastfm.freetls.fastly.net/i/u/300x300/2a96cbd8b46e442fc41c2b86b821562f.png"
                    }
                ],
                "streamable": {
                    "fulltrack": "0",
                    "#text": "0"
                }
            }
        ],
        "@attr": {
            "user": "RJ",
            "totalPages": "14",
            "page": "1",
            "perPage": "50",
            "total": "700"
        }
    }
}