{
    "coord": {
        "lon": -117.8387,
        "lat": 33.6485
    },
    "weather": [
        {
            "id": 801,
            "main": "Clouds",
            "description": "few clouds",
            "icon": "02n"
        }
    ],
    "base": "stations",
    "main": {
        "temp": 284.82,
        "feels_like": 284.29,
        "temp_min": 283.07,
        "temp_max": 286.92,
        "pressure": 1018,
        "humidity": 86
    },
    "visibility": 10000,
    "wind": {
        "speed": 3.21,
        "deg": 272,
        "gust": 5.84
    },
    "clouds": {
        "all": 16
    },
    "dt": 1709546114,
    "sys": {
        "type": 2,
        "id": 2009253,
        "country": "US",
        "sunrise": 1709561730,
        "sunset": 1709603440
    },
    "timezone": -28800,
    "id": 0,
    "name": "Irvine",
    "cod": 200
}