{
    "coord": {
        "lon": -117.8387,
        "lat": 33.6485
    },
    "weather": [
        {
            "id": 800,
            "main": "Clear",
            "description": "clear sky",
            "icon": "01n"
        }
    ],
    "base": "stations",
    "main": {
        "temp": 284.82,
        "feels_like": 284.26,
        "temp_min": 283.07,
        "temp_max": 286.72,
        "pressure": 1017,
        "humidity": 85
    },
    "visibility": 10000,
    "wind": {
        "speed": 2.57,
        "deg": 220
    },
    "clouds": {
        "all": 0
    },
    "dt": 1709549408,
    "sys": {
        "type": 1,
        "id": 5876,
        "country": "US",
        "sunrise": 1709561730,
        "sunset": 1709603440
    },
    "timezone": -28800,
    "id": 0,
    "name": "Irvine",
    "cod": 200
}