{
    "coord": {
        "lon": -117.8387,
        "lat": 33.6485
    },
    "weather": [
        {
            "id": 801,
            "main": "Clouds",
            "description": "few clouds",
            "icon": "02d"
        }
    ],
    "base": "stations",
    "main": {
        "temp": 292.72,
        "feels_like": 292.4,
        "temp_min": 289.45,
        "temp_max": 297.4,
        "pressure": 1018,
        "humidity": 64
    },
    "visibility": 10000,
    "wind": {
        "speed": 4.12,
        "deg": 230
    },
    "clouds": {
        "all": 20
    },
    "dt": 1709939636,
    "sys": {
        "type": 1,
        "id": 5876,
        "country": "US",
        "sunrise": 1709907021,
        "sunset": 1709949231
    },
    "timezone": -28800,
    "id": 0,
    "name": "Irvine",
    "cod": 200
}