{
    "coord": {
        "lon": -117.8387,
        "lat": 33.6485
    },
    "weather": [
        {
            "id": 803,
            "main": "Clouds",
            "description": "broken clouds",
            "icon": "04d"
        }
    ],
    "base": "stations",
    "main": {
        "temp": 289.77,
        "feels_like": 289.08,
        "temp_min": 288.03,
        "temp_max": 292.1,
        "pressure": 1018,
        "humidity": 61
    },
    "visibility": 10000,
    "wind": {
        "speed": 4.12,
        "deg": 220
    },
    "clouds": {
        "all": 75
    },
    "dt": 1709597591,
    "sys": {
        "type": 1,
        "id": 5876,
        "country": "US",
        "sunrise": 1709561730,
        "sunset": 1709603440
    },
    "timezone": -28800,
    "id": 0,
    "name": "Irvine",
    "cod": 200
}